{"cameraMode":{"drawMode":0,"name":"Shaded","section":"Shading Mode"},"sceneLighting":false,"audioPlay":false,"sceneViewState":{"showFog":true,"showMaterialUpdate":false,"showSkybox":true,"showFlares":true,"showImageEffects":true,"showParticleSystems":true},"in2DMode":false,"pivot":{"x":0.8429387807846069,"y":-0.20251581072807313,"z":0.5205936431884766},"rotation":{"x":-0.016459187492728235,"y":-0.06984183192253113,"z":0.0011525731533765793,"w":-0.9974215626716614},"size":8.280150413513184,"orthographic":false}