{"cameraMode":{"drawMode":0,"name":"Shaded","section":"Shading Mode"},"sceneLighting":false,"audioPlay":false,"sceneViewState":{"showFog":true,"showMaterialUpdate":false,"showSkybox":true,"showFlares":true,"showImageEffects":true,"showParticleSystems":true},"in2DMode":false,"pivot":{"x":0.49175894260406496,"y":-0.10480988025665283,"z":0.03007686138153076},"rotation":{"x":-0.20815713703632356,"y":0.009104735217988491,"z":-0.0019364849431440235,"w":-0.9780539274215698},"size":1.7147303819656373,"orthographic":false}